{
  "rmse": 19.69344139099121,
  "mae": 13.616073608398438,
  "nasa_score": 159810.453125,
  "num_params": 76353
}