{
  "rmse": 16.93522434753334,
  "mae": 11.81775038960187,
  "nasa_score": 224691.48820788696
}